microbe_name,medicine_name,susceptible_min_mm,resistant_max_mm,intermediate_min_mm,intermediate_max_mm
Enterobacterales,Benzylpenicillin,,,,
Enterobacterales,Ampicillin iv1,14.0,13.0,,
Enterobacterales,Ampicillin oral (uncomplicated UTI only)1,14.0,13.0,,
Enterobacterales,Ampicillin-sulbactam iv1,14.0,13.0,,
Enterobacterales,Ampicillin-sulbactam oral (uncomplicated UTI only)1,14.0,13.0,,
Enterobacterales,Amoxicillin iv1,,,,
Enterobacterales,Amoxicillin oral (infections originating from the urinary tract)1,,,,
Enterobacterales,Amoxicillin oral (uncomplicated UTI only)1,,,,
Enterobacterales,Amoxicillin oral (other indications)1,,,,
Enterobacterales,Amoxicillin-clavulanic acid iv1,19.0,18.0,19.0,20.0
Enterobacterales,Amoxicillin-clavulanic acid oral (infections originating from the urinary tract)1,50.0,18.0,19.0,20.0
Enterobacterales,Amoxicillin-clavulanic acid oral (uncomplicated UTI only)1,16.0,15.0,,
Enterobacterales,Amoxicillin-clavulanic acid oral (other indications)1,50.0,18.0,19.0,20.0
Enterobacterales,Piperacillin,20.0,19.0,,
Enterobacterales,Piperacillin-tazobactam,20.0,19.0,19.0,19.0
Enterobacterales,Ticarcillin-clavulanic acid,23.0,19.0,,
Enterobacterales,"Temocillin (infections originating from the urinary tract), E. coli, Klebsiella spp. (except K. aerogenes) and P. mirabilis",50.0,16.0,,
Enterobacterales,Phenoxymethylpenicillin,,,,
Enterobacterales,Oxacillin,,,,
Enterobacterales,Cloxacillin,,,,
Enterobacterales,Dicloxacillin,,,,
Enterobacterales,Flucloxacillin,,,,
Enterobacterales,"Mecillinam oral (pivmecillinam) (uncomplicated UTI only), E. coli, Citrobacter spp., Klebsiella spp., Raoultella spp., Enterobacter spp. and P. mirabilis",15.0,14.0,,
Enterobacterales,Cephalosporins1,,,,
Enterobacterales,Cefaclor (uncomplicated UTI only),,,,
Enterobacterales,Cefadroxil (uncomplicated UTI only),12.0,11.0,,
Enterobacterales,Cefalexin (uncomplicated UTI only),14.0,13.0,,
Enterobacterales,"Cefazolin (infections originating from the urinary tract), E. coli and Klebsiella spp. (except K. aerogenes)",50.0,19.0,,
Enterobacterales,Cefepime,27.0,23.0,,
Enterobacterales,Cefepime-enmetazobactam,22.0,21.0,21.0,22.0
Enterobacterales,Cefiderocol,23.0,22.0,21.0,23.0
Enterobacterales,Cefixime (uncomplicated UTI only),17.0,16.0,,
Enterobacterales,Cefotaxime (indications other than meningitis),20.0,16.0,,
Enterobacterales,Cefotaxime (meningitis),20.0,19.0,,
Enterobacterales,Cefoxitin (screen only)5,19.0,18.0,,
Enterobacterales,"Cefpodoxime 
(uncomplicated UTI only)",21.0,20.0,,
Enterobacterales,Ceftaroline,23.0,22.0,22.0,23.0
Enterobacterales,Ceftazidime,22.0,18.0,,
Enterobacterales,Ceftazidime-avibactam,13.0,12.0,,
Enterobacterales,Ceftibuten (infections originating from the urinary tract),23.0,22.0,,
Enterobacterales,Ceftobiprole,23.0,22.0,,
Enterobacterales,Ceftolozane-tazobactam7,22.0,21.0,19.0,21.0
Enterobacterales,Ceftriaxone (indications other than meningitis),27.0,23.0,,
Enterobacterales,Ceftriaxone (meningitis),27.0,26.0,,
Enterobacterales,"Cefuroxime iv, E. coli, Klebsiella spp. (except K. aerogenes), Raoultella spp. and P. mirabilis",50.0,18.0,,
Enterobacterales,"Cefuroxime oral (uncomplicated UTI only), E. coli, Klebsiella spp. (except K. aerogenes), Raoultella spp. and P. mirabilis",19.0,18.0,,
Enterobacterales,Carbapenems1,,,,
Enterobacterales,Doripenem,24.0,20.0,,
Enterobacterales,Ertapenem,23.0,22.0,,
Enterobacterales,"Imipenem, Enterobacterales except Morganellaceae",22.0,18.0,,
Enterobacterales,"Imipenem2, Morganellaceae",50.0,18.0,,
Enterobacterales,"Imipenem-relebactam, Enterobacterales except Morganellaceae",22.0,21.0,20.0,22.0
Enterobacterales,Meropenem (indications other than meningitis),22.0,15.0,,
Enterobacterales,Meropenem (meningitis),22.0,21.0,,
Enterobacterales,Meropenem-vaborbactam,20.0,19.0,15.0,19.0
Enterobacterales,Aztreonam1,26.0,20.0,,
Enterobacterales,Aztreonam-avibactam,25.0,24.0,22.0,24.0
Enterobacterales,"Ciprofloxacin, Salmonella spp.1",,,,
Enterobacterales,Ciprofloxacin (indications other than meningitis),25.0,21.0,22.0,24.0
Enterobacterales,Ciprofloxacin (meningitis)2,,,,
Enterobacterales,Pefloxacin (screen only),24.0,23.0,,
Enterobacterales,"Delafloxacin, E. coli",,,,
Enterobacterales,Levofloxacin,23.0,18.0,,
Enterobacterales,"Moxifloxacin, Enterobacterales except Morganella morganii, Proteus spp. and Serratia spp.3",22.0,21.0,,
Enterobacterales,Nalidixic acid (screen only),,,,
Enterobacterales,Norfloxacin (uncomplicated UTI only),24.0,23.0,,
Enterobacterales,Ofloxacin,24.0,21.0,,
Enterobacterales,Aminoglycosides1,,,,
Enterobacterales,Amikacin (systemic infections),18.0,17.0,,
Enterobacterales,Amikacin (infections originating from the urinary tract),18.0,17.0,,
Enterobacterales,Gentamicin (systemic infections),17.0,16.0,,
Enterobacterales,Gentamicin (infections originating from the urinary tract),17.0,16.0,,
Enterobacterales,Netilmicin,,,,
Enterobacterales,Tobramycin (systemic infections),16.0,15.0,,
Enterobacterales,Tobramycin (infections originating from the urinary tract),16.0,15.0,,
Enterobacterales,Dalbavancin,,,,
Enterobacterales,Oritavancin,,,,
Enterobacterales,Teicoplanin,,,,
Enterobacterales,Telavancin,,,,
Enterobacterales,Vancomycin,,,,
Enterobacterales,Azithromycin1,,,,
Enterobacterales,Clarithromycin,,,,
Enterobacterales,Erythromycin,,,,
Enterobacterales,Roxithromycin,,,,
Enterobacterales,Clindamycin,,,,
Enterobacterales,Quinupristin-dalfopristin,,,,
Enterobacterales,Doxycycline,,,,
Enterobacterales,"Eravacycline, E. coli",17.0,16.0,,
Enterobacterales,Minocycline,,,,
Enterobacterales,Tetracycline1,,,,
Enterobacterales,"Tigecycline, E. coli and C. koseri",18.0,17.0,,
Enterobacterales,Linezolid,,,,
Enterobacterales,Tedizolid,,,,
Enterobacterales,Chloramphenicol,,,,
Enterobacterales,Colistin2,,,,
Enterobacterales,Daptomycin,,,,
Enterobacterales,"Fosfomycin iv (infections originating from the urinary tract), E. coli",24.0,23.0,,
Enterobacterales,"Fosfomycin iv (other indications), 
E. coli",,,,
Enterobacterales,"Fosfomycin iv, other Enterobacterales",,,,
Enterobacterales,"Fosfomycin oral 
(uncomplicated UTI only), E. coli",24.0,23.0,,
Enterobacterales,Fusidic acid,,,,
Enterobacterales,Lefamulin,,,,
Enterobacterales,Metronidazole,,,,
Enterobacterales,"Nitrofurantoin (uncomplicated UTI only), E. coli",11.0,10.0,,
Enterobacterales,"Nitroxoline (uncomplicated UTI only), 
E. coli",15.0,14.0,,
Enterobacterales,Rifampicin,,,,
Enterobacterales,Spectinomycin,,,,
Enterobacterales,"Trimethoprim 
(uncomplicated UTI only)",15.0,14.0,,
Enterobacterales,Trimethoprim-sulfamethoxazole7,14.0,10.0,,
Enterobacterales,Examples of inhibition zones for Escherichia coli with fosfomycin.,,,,
Enterobacterales,a-c) Ignore all colonies and read the outer zone edge.,,,,
Enterobacterales,d) Record as no inhibition zone.,,,,
Pseudomonas,Benzylpenicillin,,,,
Pseudomonas,Ampicillin,,,,
Pseudomonas,Ampicillin-sulbactam,,,,
Pseudomonas,Amoxicillin,,,,
Pseudomonas,Amoxicillin-clavulanic acid,,,,
Pseudomonas,Piperacillin,50.0,17.0,18.0,19.0
Pseudomonas,Piperacillin-tazobactam,50.0,17.0,18.0,19.0
Pseudomonas,Ticarcillin-clavulanic acid,50.0,17.0,,
Pseudomonas,Temocillin,,,,
Pseudomonas,Phenoxymethylpenicillin,,,,
Pseudomonas,Oxacillin,,,,
Pseudomonas,Cloxacillin,,,,
Pseudomonas,Dicloxacillin,,,,
Pseudomonas,Flucloxacillin,,,,
Pseudomonas,Mecillinam oral (pivmecillinam) (uncomplicated UTI only),,,,
Pseudomonas,Cefaclor,,,,
Pseudomonas,Cefadroxil,,,,
Pseudomonas,Cefalexin,,,,
Pseudomonas,Cefazolin,,,,
Pseudomonas,Cefepime,50.0,20.0,19.0,23.0
Pseudomonas,Cefepime-enmetazobactam,,,,
Pseudomonas,"Cefiderocol, P. aeruginosa",22.0,21.0,20.0,21.0
Pseudomonas,Cefixime,,,,
Pseudomonas,Cefotaxime,,,,
Pseudomonas,Cefoxitin,,,,
Pseudomonas,Cefpodoxime,,,,
Pseudomonas,Ceftaroline,,,,
Pseudomonas,Ceftazidime,50.0,16.0,,
Pseudomonas,"Ceftazidime-avibactam, P. aeruginosa",17.0,16.0,16.0,17.0
Pseudomonas,Ceftibuten,,,,
Pseudomonas,Ceftobiprole,,,,
Pseudomonas,"Ceftolozane-tazobactam4, P. aeruginosa",23.0,22.0,,
Pseudomonas,Ceftriaxone,,,,
Pseudomonas,Cefuroxime iv,,,,
Pseudomonas,Cefuroxime oral,,,,
Pseudomonas,Doripenem,50.0,21.0,,
Pseudomonas,Ertapenem,,,,
Pseudomonas,Imipenem,50.0,19.0,,
Pseudomonas,"Imipenem-relebactam, P. aeruginosa",22.0,21.0,,
Pseudomonas,"Meropenem (indications other than meningitis), P. aeruginosa",20.0,13.0,,
Pseudomonas,"Meropenem (indications other than meningitis), Pseudomonas other than P. aeruginosa",24.0,17.0,,
Pseudomonas,"Meropenem (meningitis), P. aeruginosa",20.0,19.0,,
Pseudomonas,"Meropenem-vaborbactam, 
P. aeruginosa",14.0,13.0,,
Pseudomonas,Aztreonam,50.0,17.0,,
Pseudomonas,Aztreonam-avibactam,,,,
Pseudomonas,Ciprofloxacin,50.0,25.0,,
Pseudomonas,Delafloxacin,,,,
Pseudomonas,Levofloxacin,50.0,17.0,,
Pseudomonas,Moxifloxacin,,,,
Pseudomonas,Nalidixic acid (screen only),,,,
Pseudomonas,Norfloxacin (uncomplicated UTI only),,,,
Pseudomonas,Ofloxacin,,,,
Pseudomonas,Aminoglycosides1,,,,
Pseudomonas,Amikacin (systemic infections),15.0,14.0,,
Pseudomonas,Amikacin (infections originating from the urinary tract),15.0,14.0,,
Pseudomonas,Gentamicin (systemic infections),,,,
Pseudomonas,Gentamicin (infections originating from the urinary tract),,,,
Pseudomonas,Netilmicin,,,,
Pseudomonas,Tobramycin (systemic infections),18.0,17.0,,
Pseudomonas,Tobramycin (infections originating from the urinary tract),18.0,17.0,,
Pseudomonas,Dalbavancin,,,,
Pseudomonas,Oritavancin,,,,
Pseudomonas,Teicoplanin,,,,
Pseudomonas,Telavancin,,,,
Pseudomonas,Vancomycin,,,,
Pseudomonas,Azithromycin,,,,
Pseudomonas,Clarithromycin,,,,
Pseudomonas,Erythromycin,,,,
Pseudomonas,Roxithromycin,,,,
Pseudomonas,Clindamycin,,,,
Pseudomonas,Quinupristin-dalfopristin,,,,
Pseudomonas,Doxycycline,,,,
Pseudomonas,Eravacycline,,,,
Pseudomonas,Minocycline,,,,
Pseudomonas,Tetracycline,,,,
Pseudomonas,Tigecycline,,,,
Pseudomonas,Linezolid,,,,
Pseudomonas,Tedizolid,,,,
Pseudomonas,Chloramphenicol,,,,
Pseudomonas,Colistin1,,,,
Pseudomonas,Daptomycin,,,,
Pseudomonas,Fosfomycin iv,,,,
Pseudomonas,Fosfomycin oral,,,,
Pseudomonas,Fusidic acid,,,,
Pseudomonas,Lefamulin,,,,
Pseudomonas,Metronidazole,,,,
Pseudomonas,Nitrofurantoin (uncomplicated UTI only),,,,
Pseudomonas,Nitroxoline (uncomplicated UTI only),,,,
Pseudomonas,Rifampicin,,,,
Pseudomonas,Spectinomycin,,,,
Pseudomonas,Trimethoprim (uncomplicated UTI only),,,,
Pseudomonas,Trimethoprim-sulfamethoxazole,,,,
S.maltophilia,Ceftazidime,,,,
S.maltophilia,Cefepime,,,,
S.maltophilia,Cefiderocol1,,,,
S.maltophilia,Aztreonam,,,,
S.maltophilia,Aztreonam-avibactam,,,,
S.maltophilia,Ciprofloxacin,,,,
S.maltophilia,Levofloxacin,,,,
S.maltophilia,Minocycline,,,,
S.maltophilia,Tigecycline,,,,
S.maltophilia,Trimethoprim-sulfamethoxazole1,50.0,15.0,,
S.maltophilia,Examples of inhibition zones for Stenotrophomonas maltophilia with trimethoprim-sulfamethoxazole.,,,,
S.maltophilia,a-c) An outer zone can be seen. Read the outer zone edge and interpret according to the breakpoints.,,,,
S.maltophilia,d) Growth up to the disk and no sign of inhibition zone. Report resistant.,,,,
Acinetobacter,Benzylpenicillin,,,,
Acinetobacter,Ampicillin,,,,
Acinetobacter,Ampicillin-sulbactam,,,,
Acinetobacter,Amoxicillin,,,,
Acinetobacter,Amoxicillin-clavulanic acid,,,,
Acinetobacter,Piperacillin,,,,
Acinetobacter,Piperacillin-tazobactam,,,,
Acinetobacter,Ticarcillin-clavulanic acid,,,,
Acinetobacter,Temocillin,,,,
Acinetobacter,Phenoxymethylpenicillin,,,,
Acinetobacter,Oxacillin,,,,
Acinetobacter,Cloxacillin,,,,
Acinetobacter,Dicloxacillin,,,,
Acinetobacter,Flucloxacillin,,,,
Acinetobacter,Mecillinam oral (pivmecillinam) (uncomplicated UTI only),,,,
Acinetobacter,Cefaclor,,,,
Acinetobacter,Cefadroxil,,,,
Acinetobacter,Cefalexin,,,,
Acinetobacter,Cefazolin,,,,
Acinetobacter,Cefepime,,,,
Acinetobacter,Cefepime-enmetazobactam,,,,
Acinetobacter,Cefiderocol1,,,,
Acinetobacter,Cefixime,,,,
Acinetobacter,Cefotaxime,,,,
Acinetobacter,Cefoxitin,,,,
Acinetobacter,Cefpodoxime,,,,
Acinetobacter,Ceftaroline,,,,
Acinetobacter,Ceftazidime,,,,
Acinetobacter,Ceftazidime-avibactam,,,,
Acinetobacter,Ceftibuten,,,,
Acinetobacter,Ceftobiprole,,,,
Acinetobacter,Ceftolozane-tazobactam,,,,
Acinetobacter,Ceftriaxone,,,,
Acinetobacter,Cefuroxime iv,,,,
Acinetobacter,Cefuroxime oral,,,,
Acinetobacter,Doripenem,50.0,21.0,,
Acinetobacter,Ertapenem,,,,
Acinetobacter,Imipenem,24.0,20.0,,
Acinetobacter,Imipenem-relebactam1,,,,
Acinetobacter,Meropenem (indications other than meningitis),21.0,14.0,,
Acinetobacter,Meropenem (meningitis),21.0,20.0,,
Acinetobacter,Meropenem-vaborbactam1,,,,
Acinetobacter,Aztreonam,,,,
Acinetobacter,Aztreonam-avibactam,,,,
Acinetobacter,Ciprofloxacin,50.0,20.0,,
Acinetobacter,Delafloxacin,,,,
Acinetobacter,Levofloxacin,23.0,19.0,,
Acinetobacter,Moxifloxacin,,,,
Acinetobacter,Nalidixic acid (screen only),,,,
Acinetobacter,Norfloxacin (uncomplicated UTI only),,,,
Acinetobacter,Ofloxacin,,,,
Acinetobacter,Aminoglycosides1,,,,
Acinetobacter,Amikacin (systemic infections),19.0,18.0,,
Acinetobacter,Amikacin (infections originating from the urinary tract),19.0,18.0,,
Acinetobacter,Gentamicin (systemic infections),17.0,16.0,,
Acinetobacter,Gentamicin (infections originating from the urinary tract),17.0,16.0,,
Acinetobacter,Netilmicin,,,,
Acinetobacter,Tobramycin (systemic infections),17.0,16.0,,
Acinetobacter,Tobramycin (infections originating from the urinary tract),17.0,16.0,,
Acinetobacter,Dalbavancin,,,,
Acinetobacter,Oritavancin,,,,
Acinetobacter,Teicoplanin,,,,
Acinetobacter,Telavancin,,,,
Acinetobacter,Vancomycin,,,,
Acinetobacter,Azithromycin,,,,
Acinetobacter,Clarithromycin,,,,
Acinetobacter,Erythromycin,,,,
Acinetobacter,Roxithromycin,,,,
Acinetobacter,Clindamycin,,,,
Acinetobacter,Quinupristin-dalfopristin,,,,
Acinetobacter,Doxycycline,,,,
Acinetobacter,Eravacycline,,,,
Acinetobacter,Minocycline,,,,
Acinetobacter,Tetracycline,,,,
Acinetobacter,Tigecycline,,,,
Acinetobacter,Linezolid,,,,
Acinetobacter,Tedizolid,,,,
Acinetobacter,Chloramphenicol,,,,
Acinetobacter,Colistin1,,,,
Acinetobacter,Daptomycin,,,,
Acinetobacter,Fosfomycin iv,,,,
Acinetobacter,Fosfomycin oral,,,,
Acinetobacter,Fusidic acid,,,,
Acinetobacter,Lefamulin,,,,
Acinetobacter,Metronidazole,,,,
Acinetobacter,Nitrofurantoin (uncomplicated UTI only),,,,
Acinetobacter,Nitroxoline (uncomplicated UTI only),,,,
Acinetobacter,Rifampicin,,,,
Acinetobacter,Spectinomycin,,,,
Acinetobacter,Trimethoprim (uncomplicated UTI only),,,,
Acinetobacter,Trimethoprim-sulfamethoxazole4,14.0,10.0,,
Staphylococcus,"Benzylpenicillin, S. aureus",26.0,25.0,,
Staphylococcus,"Benzylpenicillin, S. lugdunensis",26.0,25.0,,
Staphylococcus,"Benzylpenicillin, other staphylococci",,,,
Staphylococcus,"Ampicillin, S. saprophyticus",18.0,17.0,,
Staphylococcus,Ampicillin-sulbactam,,,,
Staphylococcus,Amoxicillin,,,,
Staphylococcus,Amoxicillin-clavulanic acid,,,,
Staphylococcus,Piperacillin,,,,
Staphylococcus,Piperacillin-tazobactam,,,,
Staphylococcus,Ticarcillin-clavulanic acid,,,,
Staphylococcus,Temocillin,,,,
Staphylococcus,"Phenoxymethylpenicillin, S. aureus",,,,
Staphylococcus,"Phenoxymethylpenicillin, 
Coagulase-negative staphylococci",,,,
Staphylococcus,"Oxacillin (screen only), S. pseudintermedius, S. intermedius, S. schleiferi and S. coagulans",20.0,19.0,,
Staphylococcus,"Oxacillin4, other staphylococci",,,,
Staphylococcus,Cloxacillin,,,,
Staphylococcus,Dicloxacillin,,,,
Staphylococcus,Flucloxacillin,,,,
Staphylococcus,Mecillinam oral (pivmecillinam) (uncomplicated UTI only),,,,
Staphylococcus,Cephalosporins1,,,,
Staphylococcus,Cefaclor2,,,,
Staphylococcus,Cefadroxil,,,,
Staphylococcus,Cefalexin,,,,
Staphylococcus,Cefazolin2,,,,
Staphylococcus,Cefepime2,,,,
Staphylococcus,Cefepime-enmetazobactam3,,,,
Staphylococcus,Cefiderocol,,,,
Staphylococcus,Cefixime,,,,
Staphylococcus,Cefotaxime2,,,,
Staphylococcus,"Cefoxitin (screen only), S. aureus and coagulase-negative staphylococci except S. epidermidis and S. lugdunensis",22.0,21.0,,
Staphylococcus,"Cefoxitin (screen only), S. epidermidis and S. lugdunensis",27.0,26.0,27.0,27.0
Staphylococcus,"Cefoxitin (screen only), S. pseudintermedius, S. intermedius, S. schleiferi and S. coagulans",,,,
Staphylococcus,Cefpodoxime,,,,
Staphylococcus,"Ceftaroline (indications other than pneumonia), S. aureus",20.0,16.0,19.0,20.0
Staphylococcus,"Ceftaroline (pneumonia), S. aureus",20.0,19.0,19.0,20.0
Staphylococcus,Ceftazidime,,,,
Staphylococcus,Ceftazidime-avibactam,,,,
Staphylococcus,Ceftibuten,,,,
Staphylococcus,"Ceftobiprole, S. aureus",17.0,16.0,16.0,17.0
Staphylococcus,Ceftolozane-tazobactam,,,,
Staphylococcus,Ceftriaxone2,,,,
Staphylococcus,Cefuroxime iv2,,,,
Staphylococcus,Cefuroxime oral,,,,
Staphylococcus,Carbapenems1,,,,
Staphylococcus,Doripenem,,,,
Staphylococcus,Ertapenem,,,,
Staphylococcus,Imipenem,,,,
Staphylococcus,Imipenem-relebactam2,,,,
Staphylococcus,Meropenem,,,,
Staphylococcus,Meropenem-vaborbactam2,,,,
Staphylococcus,Aztreonam,,,,
Staphylococcus,Aztreonam-avibactam,,,,
Staphylococcus,Fluoroquinolones1,,,,
Staphylococcus,"Ciprofloxacin, S. aureus",50.0,16.0,,
Staphylococcus,"Ciprofloxacin, 
Coagulase-negative staphylococci",50.0,21.0,,
Staphylococcus,"Delafloxacin (community-acquired pneumonia), S. aureus",,,,
Staphylococcus,"Delafloxacin (skin and skin structure infections), S. aureus",,,,
Staphylococcus,"Levofloxacin, S. aureus",50.0,21.0,,
Staphylococcus,"Levofloxacin, 
Coagulase-negative staphylococci",50.0,23.0,,
Staphylococcus,"Moxifloxacin3, S. aureus",25.0,24.0,,
Staphylococcus,"Moxifloxacin3, 
Coagulase-negative staphylococci",28.0,27.0,,
Staphylococcus,Nalidixic acid (screen only),,,,
Staphylococcus,Norfloxacin (screen only),17.0,16.0,,
Staphylococcus,Ofloxacin,,,,
Staphylococcus,Aminoglycosides1,,,,
Staphylococcus,"Amikacin, S. aureus",15.0,14.0,,
Staphylococcus,"Amikacin, 
Coagulase-negative staphylococci",15.0,14.0,,
Staphylococcus,"Gentamicin, S. aureus",18.0,17.0,,
Staphylococcus,"Gentamicin,
Coagulase-negative staphylococci",22.0,21.0,,
Staphylococcus,Netilmicin,,,,
Staphylococcus,"Tobramycin, S. aureus",18.0,17.0,,
Staphylococcus,"Tobramycin, 
Coagulase-negative staphylococci",20.0,19.0,,
Staphylococcus,Glycopeptides and lipoglycopeptides1,,,,
Staphylococcus,Dalbavancin2,,,,
Staphylococcus,"Oritavancin2, S. aureus",,,,
Staphylococcus,"Teicoplanin2, S. aureus",,,,
Staphylococcus,"Teicoplanin, 
Coagulase-negative staphylococci",,,,
Staphylococcus,"Telavancin2, MRSA",,,,
Staphylococcus,"Vancomycin2, S. aureus",,,,
Staphylococcus,"Vancomycin2, 
Coagulase-negative staphylococci",,,,
Staphylococcus,Azithromycin,,,,
Staphylococcus,Clarithromycin,,,,
Staphylococcus,Erythromycin,21.0,20.0,,
Staphylococcus,Roxithromycin,,,,
Staphylococcus,Clindamycin2,22.0,21.0,,
Staphylococcus,Quinupristin-dalfopristin,21.0,20.0,,
Staphylococcus,Doxycycline,,,,
Staphylococcus,"Eravacycline, S. aureus",20.0,19.0,,
Staphylococcus,Minocycline,23.0,22.0,,
Staphylococcus,Tetracycline,22.0,21.0,,
Staphylococcus,Tigecycline2,19.0,18.0,,
Staphylococcus,Linezolid,21.0,20.0,,
Staphylococcus,Tedizolid,20.0,19.0,19.0,19.0
Staphylococcus,Chloramphenicol,,,,
Staphylococcus,Colistin,,,,
Staphylococcus,Daptomycin1,,,,
Staphylococcus,Fosfomycin iv,,,,
Staphylococcus,Fosfomycin oral,,,,
Staphylococcus,Fusidic acid,24.0,23.0,,
Staphylococcus,"Lefamulin, S. aureus",23.0,22.0,,
Staphylococcus,Metronidazole,,,,
Staphylococcus,"Nitrofurantoin (uncomplicated UTI only), S. saprophyticus",13.0,12.0,,
Staphylococcus,"Nitroxoline (uncomplicated UTI only), 
S. saprophyticus",,,,
Staphylococcus,"Rifampicin, S. aureus",26.0,25.0,,
Staphylococcus,"Rifampicin, Coagulase-negative staphylococci",30.0,29.0,,
Staphylococcus,Spectinomycin,,,,
Staphylococcus,Trimethoprim (uncomplicated UTI only),14.0,13.0,,
Staphylococcus,Trimethoprim-sulfamethoxazole4,17.0,13.0,,
Staphylococcus,Examples of inhibition zones for Staphylococcus aureus with benzylpenicillin.,,,,
Staphylococcus,"a) Fuzzy zone edge (reduction of growth towards zone edge, like a ""beach"") and zone diameter ≥ 26 mm. Report susceptible.",,,,
Staphylococcus,"b) Sharp zone edge (no reduction of growth towards zone edge, like a ""cliff"") and zone diameter ≥ 26 mm. Report resistant.",,,,
Enterococcus,Benzylpenicillin,,,,
Enterococcus,Ampicillin iv,10.0,9.0,,
Enterococcus,Ampicillin-sulbactam iv2,,,,
Enterococcus,Amoxicillin iv,,,,
Enterococcus,Amoxicillin oral (uncomplicated UTI only),,,,
Enterococcus,"Amoxicillin oral (other indications),
E. faecalis",,,,
Enterococcus,Amoxicillin-clavulanic acid iv2,,,,
Enterococcus,Amoxicillin-clavulanic acid oral2 (uncomplicated UTI only),,,,
Enterococcus,"Amoxicillin-clavulanic acid oral2 (other indications), E. faecalis",,,,
Enterococcus,"Piperacillin, E. faecalis",50.0,17.0,,
Enterococcus,"Piperacillin-tazobactam2, E. faecalis",50.0,17.0,,
Enterococcus,Ticarcillin-clavulanic acid,,,,
Enterococcus,Temocillin,,,,
Enterococcus,Phenoxymethylpenicillin,,,,
Enterococcus,Oxacillin,,,,
Enterococcus,Cloxacillin,,,,
Enterococcus,Dicloxacillin,,,,
Enterococcus,Flucloxacillin,,,,
Enterococcus,Mecillinam oral (pivmecillinam) (uncomplicated UTI only),,,,
Enterococcus,Cefaclor,,,,
Enterococcus,Cefadroxil,,,,
Enterococcus,Cefalexin,,,,
Enterococcus,Cefazolin,,,,
Enterococcus,Cefepime,,,,
Enterococcus,Cefepime-enmetazobactam,,,,
Enterococcus,Cefiderocol,,,,
Enterococcus,Cefixime,,,,
Enterococcus,Cefotaxime,,,,
Enterococcus,Cefoxitin,,,,
Enterococcus,Cefpodoxime,,,,
Enterococcus,Ceftaroline,,,,
Enterococcus,Ceftazidime,,,,
Enterococcus,Ceftazidime-avibactam,,,,
Enterococcus,Ceftibuten,,,,
Enterococcus,Ceftobiprole,,,,
Enterococcus,Ceftolozane-tazobactam,,,,
Enterococcus,Ceftriaxone,,,,
Enterococcus,Cefuroxime iv,,,,
Enterococcus,Cefuroxime oral,,,,
Enterococcus,Doripenem,,,,
Enterococcus,Ertapenem,,,,
Enterococcus,"Imipenem, E. faecalis",50.0,20.0,,
Enterococcus,Imipenem-relebactam,,,,
Enterococcus,Meropenem,,,,
Enterococcus,Meropenem-vaborbactam,,,,
Enterococcus,Aztreonam,,,,
Enterococcus,Aztreonam-avibactam,,,,
Enterococcus,Ciprofloxacin (uncomplicated UTI only),15.0,14.0,,
Enterococcus,Delafloxacin,,,,
Enterococcus,Levofloxacin (uncomplicated UTI only),15.0,14.0,,
Enterococcus,Moxifloxacin,,,,
Enterococcus,Nalidixic acid (screen only),,,,
Enterococcus,Norfloxacin (screen only),12.0,11.0,,
Enterococcus,Ofloxacin,,,,
Enterococcus,Aminoglycosides1,,,,
Enterococcus,Amikacin,,,,
Enterococcus,Gentamicin (test for acquired aminoglycoside-modifying enzyme),,,,
Enterococcus,Netilmicin,,,,
Enterococcus,Streptomycin (test for acquired aminoglycoside-modifying enzyme),,,,
Enterococcus,Tobramycin,,,,
Enterococcus,Dalbavancin,,,,
Enterococcus,Oritavancin,,,,
Enterococcus,Teicoplanin,16.0,15.0,,
Enterococcus,Telavancin,,,,
Enterococcus,"Vancomycin, E. faecalis and E. faecium",12.0,11.0,,
Enterococcus,"Vancomycin, E. casseliflavus and E. gallinarum",,,,
Enterococcus,"Vancomycin, other enterococci",15.0,14.0,,
Enterococcus,Azithromycin,,,,
Enterococcus,Clarithromycin,,,,
Enterococcus,Erythromycin,,,,
Enterococcus,Roxithromycin,,,,
Enterococcus,Clindamycin,,,,
Enterococcus,"Quinupristin-dalfopristin, E. faecium",22.0,21.0,,
Enterococcus,Doxycycline,,,,
Enterococcus,Eravacycline,22.0,21.0,,
Enterococcus,Minocycline,,,,
Enterococcus,Tetracycline,,,,
Enterococcus,Tigecycline1,20.0,19.0,,
Enterococcus,Linezolid,20.0,19.0,,
Enterococcus,Tedizolid,,,,
Enterococcus,Chloramphenicol,,,,
Enterococcus,Colistin,,,,
Enterococcus,Daptomycin1,,,,
Enterococcus,Fosfomycin iv,,,,
Enterococcus,Fosfomycin oral,,,,
Enterococcus,Fusidic acid,,,,
Enterococcus,Lefamulin,,,,
Enterococcus,Metronidazole,,,,
Enterococcus,"Nitrofurantoin (uncomplicated UTI only), E. faecalis",15.0,14.0,,
Enterococcus,Nitroxoline (uncomplicated UTI only),,,,
Enterococcus,Rifampicin,,,,
Enterococcus,Spectinomycin,,,,
Enterococcus,Trimethoprim (uncomplicated UTI only),,,,
Enterococcus,Trimethoprim-sulfamethoxazole5,,,,
Enterococcus,Examples of inhibition zones for Enterococcus faecalis and E. faecium with vancomycin.,,,,
Enterococcus,a) Sharp zone edge and zone diameter ≥ 12 mm. Report susceptible.,,,,
Enterococcus,b-d) Fuzzy zone edge or colonies within zone. Perform confirmatory testing with PCR or report resistant even if the zone diameter ≥ 12 mm.,,,,
"Streptococcus A,B,C,G","Benzylpenicillin2, Streptococcus groups A, C and G",23.0,22.0,,
"Streptococcus A,B,C,G","Benzylpenicillin2,  
S. agalactiae (group B streptococci)",18.0,17.0,,
"Streptococcus A,B,C,G",Ampicillin,,,,
"Streptococcus A,B,C,G",Ampicillin-sulbactam3,,,,
"Streptococcus A,B,C,G",Amoxicillin,,,,
"Streptococcus A,B,C,G",Amoxicillin-clavulanic acid3,,,,
"Streptococcus A,B,C,G",Piperacillin,,,,
"Streptococcus A,B,C,G",Piperacillin-tazobactam3,,,,
"Streptococcus A,B,C,G",Ticarcillin-clavulanic acid,,,,
"Streptococcus A,B,C,G",Temocillin,,,,
"Streptococcus A,B,C,G","Phenoxymethylpenicillin
Streptococcus groups A, C and G",,,,
"Streptococcus A,B,C,G","Oxacillin 
Streptococcus groups A, C and G",,,,
"Streptococcus A,B,C,G","Cloxacillin
Streptococcus groups A, C and G",,,,
"Streptococcus A,B,C,G","Dicloxacillin
Streptococcus groups A, C and G",,,,
"Streptococcus A,B,C,G","Flucloxacillin 
Streptococcus groups A, C and G",,,,
"Streptococcus A,B,C,G",Mecillinam oral (pivmecillinam) (uncomplicated UTI only),,,,
"Streptococcus A,B,C,G",Cephalosporins1,,,,
"Streptococcus A,B,C,G",Cefaclor,,,,
"Streptococcus A,B,C,G",Cefadroxil,,,,
"Streptococcus A,B,C,G",Cefalexin,,,,
"Streptococcus A,B,C,G",Cefazolin,,,,
"Streptococcus A,B,C,G",Cefepime,,,,
"Streptococcus A,B,C,G",Cefepime-enmetazobactam2,,,,
"Streptococcus A,B,C,G",Cefiderocol,,,,
"Streptococcus A,B,C,G",Cefixime,,,,
"Streptococcus A,B,C,G",Cefotaxime,,,,
"Streptococcus A,B,C,G",Cefoxitin,,,,
"Streptococcus A,B,C,G",Cefpodoxime,,,,
"Streptococcus A,B,C,G",Ceftaroline,,,,
"Streptococcus A,B,C,G",Ceftazidime,,,,
"Streptococcus A,B,C,G",Ceftazidime-avibactam,,,,
"Streptococcus A,B,C,G",Ceftibuten,,,,
"Streptococcus A,B,C,G",Ceftobiprole,,,,
"Streptococcus A,B,C,G",Ceftolozane-tazobactam2,,,,
"Streptococcus A,B,C,G",Ceftriaxone,,,,
"Streptococcus A,B,C,G",Cefuroxime iv,,,,
"Streptococcus A,B,C,G",Cefuroxime oral,,,,
"Streptococcus A,B,C,G",Carbapenems1,,,,
"Streptococcus A,B,C,G",Doripenem,,,,
"Streptococcus A,B,C,G",Ertapenem,,,,
"Streptococcus A,B,C,G",Imipenem,,,,
"Streptococcus A,B,C,G",Imipenem-relebactam2,,,,
"Streptococcus A,B,C,G",Meropenem,,,,
"Streptococcus A,B,C,G",Meropenem-vaborbactam2,,,,
"Streptococcus A,B,C,G",Aztreonam,,,,
"Streptococcus A,B,C,G",Aztreonam-avibactam,,,,
"Streptococcus A,B,C,G",Ciprofloxacin,,,,
"Streptococcus A,B,C,G",Delafloxacin,,,,
"Streptococcus A,B,C,G",Levofloxacin,50.0,16.0,,
"Streptococcus A,B,C,G",Moxifloxacin,19.0,18.0,,
"Streptococcus A,B,C,G",Nalidixic acid (screen only),,,,
"Streptococcus A,B,C,G",Norfloxacin (screen only),12.0,11.0,,
"Streptococcus A,B,C,G",Ofloxacin,,,,
"Streptococcus A,B,C,G",Amikacin,,,,
"Streptococcus A,B,C,G",Gentamicin,,,,
"Streptococcus A,B,C,G",Netilmicin,,,,
"Streptococcus A,B,C,G",Tobramycin,,,,
"Streptococcus A,B,C,G",Dalbavancin1,,,,
"Streptococcus A,B,C,G",Oritavancin1,,,,
"Streptococcus A,B,C,G",Teicoplanin1,15.0,14.0,,
"Streptococcus A,B,C,G",Telavancin,,,,
"Streptococcus A,B,C,G",Vancomycin1,13.0,12.0,,
"Streptococcus A,B,C,G",Azithromycin,,,,
"Streptococcus A,B,C,G",Clarithromycin,,,,
"Streptococcus A,B,C,G",Erythromycin,21.0,20.0,,
"Streptococcus A,B,C,G",Roxithromycin,,,,
"Streptococcus A,B,C,G",Clindamycin2,17.0,16.0,,
"Streptococcus A,B,C,G",Quinupristin-dalfopristin,,,,
"Streptococcus A,B,C,G",Doxycycline,,,,
"Streptococcus A,B,C,G",Eravacycline,,,,
"Streptococcus A,B,C,G",Minocycline,23.0,22.0,,
"Streptococcus A,B,C,G",Tetracycline,23.0,22.0,,
"Streptococcus A,B,C,G",Tigecycline2,19.0,18.0,,
"Streptococcus A,B,C,G",Linezolid1,19.0,18.0,,
"Streptococcus A,B,C,G",Tedizolid1,18.0,17.0,,
"Streptococcus A,B,C,G",Chloramphenicol,,,,
"Streptococcus A,B,C,G",Colistin,,,,
"Streptococcus A,B,C,G",Daptomycin1,,,,
"Streptococcus A,B,C,G",Fosfomycin iv,,,,
"Streptococcus A,B,C,G",Fosfomycin oral,,,,
"Streptococcus A,B,C,G",Fusidic acid,,,,
"Streptococcus A,B,C,G",Lefamulin,,,,
"Streptococcus A,B,C,G",Metronidazole,,,,
"Streptococcus A,B,C,G","Nitrofurantoin (uncomplicated UTI only), 
S. agalactiae (group B streptococci)",15.0,14.0,,
"Streptococcus A,B,C,G",Nitroxoline (uncomplicated UTI only),,,,
"Streptococcus A,B,C,G",Rifampicin,21.0,20.0,,
"Streptococcus A,B,C,G",Spectinomycin,,,,
"Streptococcus A,B,C,G","Trimethoprim (uncomplicated UTI only), S. agalactiae (group B streptococci)",,,,
"Streptococcus A,B,C,G",Trimethoprim-sulfamethoxazole4,18.0,14.0,,
S.pneumoniae,Benzylpenicillin (indications other than endocarditis and meningitis),,,,
S.pneumoniae,Benzylpenicillin (endocarditis and meningitis),,,,
S.pneumoniae,Ampicillin (indications other than endocarditis and meningitis),22.0,18.0,,
S.pneumoniae,Ampicillin iv (endocarditis and meningitis),,,,
S.pneumoniae,Ampicillin-sulbactam2,,,,
S.pneumoniae,Amoxicillin iv (indications other than endocarditis and meningitis),,,,
S.pneumoniae,Amoxicillin iv (endocarditis and meningitis),,,,
S.pneumoniae,Amoxicillin oral,,,,
S.pneumoniae,Amoxicillin-clavulanic acid iv2,,,,
S.pneumoniae,Amoxicillin-clavulanic acid oral2,,,,
S.pneumoniae,Piperacillin,,,,
S.pneumoniae,Piperacillin-tazobactam2,,,,
S.pneumoniae,Ticarcillin-clavulanic acid,,,,
S.pneumoniae,Temocillin,,,,
S.pneumoniae,Phenoxymethylpenicillin,,,,
S.pneumoniae,Oxacillin (screen only)1,20.0,19.0,,
S.pneumoniae,Oxacillin,,,,
S.pneumoniae,Cloxacillin,,,,
S.pneumoniae,Dicloxacillin,,,,
S.pneumoniae,Flucloxacillin,,,,
S.pneumoniae,Mecillinam oral (pivmecillinam) (uncomplicated UTI only),,,,
S.pneumoniae,Cephalosporins1,,,,
S.pneumoniae,Cefaclor,50.0,27.0,,
S.pneumoniae,Cefadroxil,,,,
S.pneumoniae,Cefalexin,,,,
S.pneumoniae,Cefazolin,,,,
S.pneumoniae,Cefepime,,,,
S.pneumoniae,Cefepime-enmetazobactam2,,,,
S.pneumoniae,Cefiderocol,,,,
S.pneumoniae,Cefixime,,,,
S.pneumoniae,Cefotaxime (indications other than endocarditis and meningitis),,,,
S.pneumoniae,Cefotaxime (endocarditis and meningitis),,,,
S.pneumoniae,Cefoxitin,,,,
S.pneumoniae,Cefpodoxime,,,,
S.pneumoniae,Ceftaroline,,,,
S.pneumoniae,Ceftazidime,,,,
S.pneumoniae,Ceftazidime-avibactam,,,,
S.pneumoniae,Ceftibuten,,,,
S.pneumoniae,Ceftobiprole,,,,
S.pneumoniae,Ceftolozane-tazobactam,,,,
S.pneumoniae,Ceftriaxone (indications other than endocarditis and meningitis),,,,
S.pneumoniae,Ceftriaxone (endocarditis and meningitis),,,,
S.pneumoniae,Cefuroxime iv,,,,
S.pneumoniae,Cefuroxime oral,,,,
S.pneumoniae,"Carbapenems1,2",,,,
S.pneumoniae,Doripenem,,,,
S.pneumoniae,Ertapenem,,,,
S.pneumoniae,Imipenem,,,,
S.pneumoniae,Imipenem-relebactam3,,,,
S.pneumoniae,Meropenem (indications other than meningitis),,,,
S.pneumoniae,Meropenem (meningitis),,,,
S.pneumoniae,Meropenem-vaborbactam3,,,,
S.pneumoniae,,,,,
S.pneumoniae,Aztreonam,,,,
S.pneumoniae,Aztreonam-avibactam,,,,
S.pneumoniae,Ciprofloxacin,,,,
S.pneumoniae,Delafloxacin,,,,
S.pneumoniae,Levofloxacin,50.0,15.0,,
S.pneumoniae,Moxifloxacin,22.0,21.0,,
S.pneumoniae,Nalidixic acid (screen only),,,,
S.pneumoniae,Norfloxacin (screen only),10.0,9.0,,
S.pneumoniae,Ofloxacin,,,,
S.pneumoniae,Amikacin,,,,
S.pneumoniae,Gentamicin,,,,
S.pneumoniae,Netilmicin,,,,
S.pneumoniae,Tobramycin,,,,
S.pneumoniae,Dalbavancin,,,,
S.pneumoniae,Oritavancin,,,,
S.pneumoniae,Teicoplanin1,17.0,16.0,,
S.pneumoniae,Telavancin,,,,
S.pneumoniae,Vancomycin1,16.0,15.0,,
S.pneumoniae,Azithromycin,,,,
S.pneumoniae,Clarithromycin,,,,
S.pneumoniae,Erythromycin,22.0,21.0,,
S.pneumoniae,Roxithromycin,,,,
S.pneumoniae,Clindamycin2,19.0,18.0,,
S.pneumoniae,Quinupristin-dalfopristin,,,,
S.pneumoniae,Doxycycline,,,,
S.pneumoniae,Eravacycline,,,,
S.pneumoniae,Minocycline,24.0,23.0,,
S.pneumoniae,Tetracycline,25.0,24.0,,
S.pneumoniae,Tigecycline,,,,
S.pneumoniae,Linezolid,22.0,21.0,,
S.pneumoniae,Tedizolid,,,,
S.pneumoniae,Chloramphenicol1,,,,
S.pneumoniae,Colistin,,,,
S.pneumoniae,Daptomycin,,,,
S.pneumoniae,Fosfomycin iv,,,,
S.pneumoniae,Fosfomycin oral,,,,
S.pneumoniae,Fusidic acid,,,,
S.pneumoniae,Lefamulin,12.0,11.0,,
S.pneumoniae,Metronidazole,,,,
S.pneumoniae,Nitrofurantoin (uncomplicated UTI only),,,,
S.pneumoniae,Nitroxoline (uncomplicated UTI only),,,,
S.pneumoniae,Rifampicin,22.0,21.0,,
S.pneumoniae,Spectinomycin,,,,
S.pneumoniae,Trimethoprim (uncomplicated UTI only),,,,
S.pneumoniae,Trimethoprim-sulfamethoxazole2,13.0,9.0,,
Viridans group streptococci,Benzylpenicillin (screen only),21.0,20.0,,
Viridans group streptococci,Benzylpenicillin (indications other than endocarditis),21.0,11.0,,
Viridans group streptococci,Benzylpenicillin (endocarditis),21.0,20.0,,
Viridans group streptococci,"Benzylpenicillin (endocarditis, in combination with other antimicrobial treatment)",12.0,11.0,,
Viridans group streptococci,Ampicillin (indications other than endocarditis),21.0,14.0,,
Viridans group streptococci,Ampicillin iv (endocarditis),21.0,20.0,,
Viridans group streptococci,Ampicillin-sulbactam3,,,,
Viridans group streptococci,Amoxicillin (indications other than endocarditis),,,,
Viridans group streptococci,Amoxicillin iv (endocarditis),,,,
Viridans group streptococci,Amoxicillin-clavulanic acid3,,,,
Viridans group streptococci,Piperacillin,,,,
Viridans group streptococci,Piperacillin-tazobactam3,,,,
Viridans group streptococci,Ticarcillin-clavulanic acid3,,,,
Viridans group streptococci,Temocillin,,,,
Viridans group streptococci,Phenoxymethylpenicillin,,,,
Viridans group streptococci,Oxacillin,,,,
Viridans group streptococci,Cloxacillin,,,,
Viridans group streptococci,Dicloxacillin,,,,
Viridans group streptococci,Flucloxacillin,,,,
Viridans group streptococci,Mecillinam oral (pivmecillinam) (uncomplicated UTI only),,,,
Viridans group streptococci,Cefaclor,,,,
Viridans group streptococci,Cefadroxil,,,,
Viridans group streptococci,Cefalexin,,,,
Viridans group streptococci,Cefazolin,,,,
Viridans group streptococci,Cefepime,25.0,24.0,,
Viridans group streptococci,Cefepime-enmetazobactam1,,,,
Viridans group streptococci,Cefiderocol,,,,
Viridans group streptococci,Cefixime,,,,
Viridans group streptococci,Cefotaxime,23.0,22.0,,
Viridans group streptococci,Cefoxitin,,,,
Viridans group streptococci,Cefpodoxime,,,,
Viridans group streptococci,Ceftaroline,,,,
Viridans group streptococci,Ceftazidime,,,,
Viridans group streptococci,Ceftazidime-avibactam,,,,
Viridans group streptococci,Ceftibuten,,,,
Viridans group streptococci,Ceftobiprole,,,,
Viridans group streptococci,"Ceftolozane-tazobactam1, S. anginosus group",,,,
Viridans group streptococci,Ceftriaxone,27.0,26.0,,
Viridans group streptococci,Cefuroxime iv,26.0,25.0,,
Viridans group streptococci,Cefuroxime oral,,,,
Viridans group streptococci,Doripenem,,,,
Viridans group streptococci,Ertapenem,,,,
Viridans group streptococci,Imipenem,,,,
Viridans group streptococci,Imipenem-relebactam2,,,,
Viridans group streptococci,Meropenem,,,,
Viridans group streptococci,Meropenem-vaborbactam2,,,,
Viridans group streptococci,Aztreonam,,,,
Viridans group streptococci,Aztreonam-avibactam,,,,
Viridans group streptococci,Ciprofloxacin,,,,
Viridans group streptococci,"Delafloxacin, S. anginosus group",,,,
Viridans group streptococci,Levofloxacin,,,,
Viridans group streptococci,Moxifloxacin,,,,
Viridans group streptococci,Nalidixic acid (screen only),,,,
Viridans group streptococci,Norfloxacin (uncomplicated UTI only),,,,
Viridans group streptococci,Ofloxacin,,,,
Viridans group streptococci,Aminoglycosides1,,,,
Viridans group streptococci,Amikacin,,,,
Viridans group streptococci,Gentamicin (test for acquired aminoglycoside-modifying enzyme),,,,
Viridans group streptococci,Netilmicin,,,,
Viridans group streptococci,Tobramycin,,,,
Viridans group streptococci,"Dalbavancin1, S. anginosus group",,,,
Viridans group streptococci,"Oritavancin1, S. anginosus group",,,,
Viridans group streptococci,Teicoplanin1,16.0,15.0,,
Viridans group streptococci,Telavancin,,,,
Viridans group streptococci,Vancomycin1,15.0,14.0,,
Viridans group streptococci,Azithromycin,,,,
Viridans group streptococci,Clarithromycin,,,,
Viridans group streptococci,Erythromycin,,,,
Viridans group streptococci,Roxithromycin,,,,
Viridans group streptococci,Clindamycin1,19.0,18.0,,
Viridans group streptococci,Quinupristin-dalfopristin,,,,
Viridans group streptococci,Doxycycline,,,,
Viridans group streptococci,Eravacycline,17.0,16.0,,
Viridans group streptococci,Minocycline,,,,
Viridans group streptococci,Tetracycline,,,,
Viridans group streptococci,Tigecycline,,,,
Viridans group streptococci,Linezolid,,,,
Viridans group streptococci,"Tedizolid, S. anginosus group",18.0,17.0,,
Viridans group streptococci,Chloramphenicol,,,,
Viridans group streptococci,Colistin,,,,
Viridans group streptococci,Daptomycin,,,,
Viridans group streptococci,Fosfomycin iv,,,,
Viridans group streptococci,Fosfomycin oral,,,,
Viridans group streptococci,Fusidic acid,,,,
Viridans group streptococci,Lefamulin,,,,
Viridans group streptococci,Metronidazole,,,,
Viridans group streptococci,Nitrofurantoin (uncomplicated UTI only),,,,
Viridans group streptococci,Nitroxoline (uncomplicated UTI only),,,,
Viridans group streptococci,Rifampicin,,,,
Viridans group streptococci,Spectinomycin,,,,
Viridans group streptococci,Trimethoprim (uncomplicated UTI only),,,,
Viridans group streptococci,Trimethoprim-sulfamethoxazole,,,,
H.influenzae,Benzylpenicillin,,,,
H.influenzae,Benzylpenicillin (screen only)1,12.0,11.0,,
H.influenzae,Ampicillin (indications other than endocarditis and meningitis)2,18.0,17.0,,
H.influenzae,Ampicillin iv (endocarditis and meningitis)2,,,,
H.influenzae,Ampicillin-sulbactam,,,,
H.influenzae,Amoxicillin iv (indications other than endocarditis and meningitis)2,,,,
H.influenzae,Amoxicillin iv (endocarditis and meningitis)2,,,,
H.influenzae,Amoxicillin oral2,,,,
H.influenzae,Amoxicillin-clavulanic acid iv,15.0,14.0,,
H.influenzae,Amoxicillin-clavulanic acid oral,50.0,14.0,,
H.influenzae,Piperacillin2,,,,
H.influenzae,Piperacillin-tazobactam,27.0,26.0,26.0,28.0
H.influenzae,Ticarcillin-clavulanic acid,,,,
H.influenzae,Temocillin,,,,
H.influenzae,Phenoxymethylpenicillin,,,,
H.influenzae,Oxacillin,,,,
H.influenzae,Cloxacillin,,,,
H.influenzae,Dicloxacillin,,,,
H.influenzae,Flucloxacillin,,,,
H.influenzae,Mecillinam oral (pivmecillinam) (uncomplicated UTI only),,,,
H.influenzae,Cephalosporins1,,,,
H.influenzae,Cefaclor,,,,
H.influenzae,Cefadroxil,,,,
H.influenzae,Cefalexin,,,,
H.influenzae,Cefazolin,,,,
H.influenzae,Cefepime,28.0,27.0,28.0,33.0
H.influenzae,Cefepime-enmetazobactam2,,,,
H.influenzae,Cefiderocol,,,,
H.influenzae,Cefixime,26.0,25.0,,
H.influenzae,Cefotaxime,27.0,26.0,25.0,27.0
H.influenzae,Cefoxitin,,,,
H.influenzae,Cefpodoxime,26.0,25.0,26.0,29.0
H.influenzae,Ceftaroline,,,,
H.influenzae,Ceftazidime,,,,
H.influenzae,Ceftazidime-avibactam,,,,
H.influenzae,Ceftibuten,25.0,24.0,,
H.influenzae,Ceftobiprole,,,,
H.influenzae,Ceftolozane-tazobactam (pneumonia)3,23.0,22.0,22.0,23.0
H.influenzae,Ceftriaxone,32.0,31.0,31.0,33.0
H.influenzae,Cefuroxime iv,27.0,24.0,25.0,27.0
H.influenzae,Cefuroxime oral,50.0,26.0,25.0,27.0
H.influenzae,"Carbapenems1,2",,,,
H.influenzae,Doripenem,23.0,22.0,,
H.influenzae,Ertapenem,23.0,22.0,,
H.influenzae,Imipenem,20.0,19.0,6.0,19.0
H.influenzae,Imipenem-relebactam3,,,,
H.influenzae,Meropenem (indications other than meningitis),20.0,19.0,,
H.influenzae,Meropenem (meningitis),,,,
H.influenzae,Meropenem-vaborbactam3,,,,
H.influenzae,Aztreonam,,,,
H.influenzae,Aztreonam-avibactam,,,,
H.influenzae,Ciprofloxacin,32.0,31.0,,
H.influenzae,Delafloxacin,,,,
H.influenzae,Levofloxacin,30.0,29.0,,
H.influenzae,Moxifloxacin,28.0,27.0,,
H.influenzae,Nalidixic acid (screen only),23.0,22.0,,
H.influenzae,Norfloxacin (uncomplicated UTI only),,,,
H.influenzae,Ofloxacin,30.0,29.0,,
H.influenzae,Amikacin,,,,
H.influenzae,Gentamicin,,,,
H.influenzae,Netilmicin,,,,
H.influenzae,Tobramycin,,,,
H.influenzae,Dalbavancin,,,,
H.influenzae,Oritavancin,,,,
H.influenzae,Teicoplanin,,,,
H.influenzae,Telavancin,,,,
H.influenzae,Vancomycin,,,,
H.influenzae,"Macrolides1, lincosamides and streptogramins",,,,
H.influenzae,Azithromycin,,,,
H.influenzae,Clarithromycin,,,,
H.influenzae,Erythromycin,,,,
H.influenzae,Roxithromycin,,,,
H.influenzae,Clindamycin,,,,
H.influenzae,Quinupristin-dalfopristin,,,,
H.influenzae,Doxycycline,,,,
H.influenzae,Eravacycline,,,,
H.influenzae,Minocycline,24.0,23.0,,
H.influenzae,Tetracycline,25.0,24.0,,
H.influenzae,Tigecycline,,,,
H.influenzae,Linezolid,,,,
H.influenzae,Tedizolid,,,,
H.influenzae,Chloramphenicol1,28.0,27.0,,
H.influenzae,Colistin,,,,
H.influenzae,Daptomycin,,,,
H.influenzae,Fosfomycin iv,,,,
H.influenzae,Fosfomycin oral,,,,
H.influenzae,Fusidic acid,,,,
H.influenzae,Lefamulin,,,,
H.influenzae,Metronidazole,,,,
H.influenzae,Nitrofurantoin (uncomplicated UTI only),,,,
H.influenzae,Nitroxoline (uncomplicated UTI only),,,,
H.influenzae,Rifampicin (for prophylaxis only),18.0,17.0,,
H.influenzae,Spectinomycin,,,,
H.influenzae,Trimethoprim (uncomplicated UTI only),,,,
H.influenzae,Trimethoprim-sulfamethoxazole2,23.0,19.0,,
H.influenzae,Examples of inhibition zones for H. influenzae and a beta-lactam agent where an otherwise clear inhibition zone contains an area of growth around the disk.,,,,
H.influenzae,Read the outer edge of zones where an otherwise clear inhibition zone contains an area of growth around the disk.,,,,
M.catarrhalis,Benzylpenicillin,,,,
M.catarrhalis,Ampicillin,,,,
M.catarrhalis,Ampicillin-sulbactam,,,,
M.catarrhalis,Amoxicillin,,,,
M.catarrhalis,Amoxicillin-clavulanic acid,19.0,18.0,,
M.catarrhalis,Piperacillin,,,,
M.catarrhalis,Piperacillin-tazobactam,,,,
M.catarrhalis,Ticarcillin-clavulanic acid,,,,
M.catarrhalis,Temocillin,,,,
M.catarrhalis,Phenoxymethylpenicillin,,,,
M.catarrhalis,Oxacillin,,,,
M.catarrhalis,Cloxacillin,,,,
M.catarrhalis,Dicloxacillin,,,,
M.catarrhalis,Flucloxacillin,,,,
M.catarrhalis,Mecillinam oral (pivmecillinam) (uncomplicated UTI only),,,,
M.catarrhalis,Cefaclor,,,,
M.catarrhalis,Cefadroxil,,,,
M.catarrhalis,Cefalexin,,,,
M.catarrhalis,Cefazolin,,,,
M.catarrhalis,Cefepime,20.0,19.0,,
M.catarrhalis,Cefepime-enmetazobactam1,,,,
M.catarrhalis,Cefiderocol,,,,
M.catarrhalis,Cefixime,21.0,20.0,,
M.catarrhalis,Cefotaxime,20.0,16.0,,
M.catarrhalis,Cefoxitin,,,,
M.catarrhalis,Cefpodoxime,,,,
M.catarrhalis,Ceftaroline,,,,
M.catarrhalis,Ceftazidime,,,,
M.catarrhalis,Ceftazidime-avibactam,,,,
M.catarrhalis,Ceftibuten,,,,
M.catarrhalis,Ceftobiprole,,,,
M.catarrhalis,Ceftolozane-tazobactam,,,,
M.catarrhalis,Ceftriaxone,24.0,20.0,,
M.catarrhalis,Cefuroxime iv,21.0,17.0,,
M.catarrhalis,Cefuroxime oral,50.0,20.0,,
M.catarrhalis,Doripenem1,30.0,29.0,,
M.catarrhalis,Ertapenem1,29.0,28.0,,
M.catarrhalis,Imipenem1,29.0,28.0,,
M.catarrhalis,Imipenem-relebactam2,,,,
M.catarrhalis,Meropenem1,33.0,32.0,,
M.catarrhalis,Meropenem-vaborbactam2,,,,
M.catarrhalis,Aztreonam,,,,
M.catarrhalis,Aztreonam-avibactam,,,,
M.catarrhalis,Ciprofloxacin,31.0,30.0,,
M.catarrhalis,Delafloxacin,,,,
M.catarrhalis,Levofloxacin,29.0,28.0,,
M.catarrhalis,Moxifloxacin,26.0,25.0,,
M.catarrhalis,Nalidixic acid (screen only),23.0,22.0,,
M.catarrhalis,Norfloxacin (uncomplicated UTI only),,,,
M.catarrhalis,Ofloxacin,28.0,27.0,,
M.catarrhalis,Amikacin,,,,
M.catarrhalis,Gentamicin,,,,
M.catarrhalis,Netilmicin,,,,
M.catarrhalis,Tobramycin,,,,
M.catarrhalis,Dalbavancin,,,,
M.catarrhalis,Oritavancin,,,,
M.catarrhalis,Teicoplanin,,,,
M.catarrhalis,Telavancin,,,,
M.catarrhalis,Vancomycin,,,,
M.catarrhalis,Azithromycin,,,,
M.catarrhalis,Clarithromycin,,,,
M.catarrhalis,Erythromycin,23.0,22.0,,
M.catarrhalis,Roxithromycin,,,,
M.catarrhalis,Clindamycin,,,,
M.catarrhalis,Quinupristin-dalfopristin,,,,
M.catarrhalis,Doxycycline,,,,
M.catarrhalis,Eravacycline,,,,
M.catarrhalis,Minocycline,25.0,24.0,,
M.catarrhalis,Tetracycline,26.0,25.0,,
M.catarrhalis,Tigecycline,,,,
M.catarrhalis,Linezolid,,,,
M.catarrhalis,Tedizolid,,,,
M.catarrhalis,Chloramphenicol,,,,
M.catarrhalis,Colistin,,,,
M.catarrhalis,Daptomycin,,,,
M.catarrhalis,Fosfomycin iv,,,,
M.catarrhalis,Fosfomycin oral,,,,
M.catarrhalis,Fusidic acid,,,,
M.catarrhalis,Lefamulin,,,,
M.catarrhalis,Metronidazole,,,,
M.catarrhalis,Nitrofurantoin (uncomplicated UTI only),,,,
M.catarrhalis,Nitroxoline (uncomplicated UTI only),,,,
M.catarrhalis,Rifampicin,,,,
M.catarrhalis,Spectinomycin,,,,
M.catarrhalis,Trimethoprim (uncomplicated UTI only),,,,
M.catarrhalis,Trimethoprim-sulfamethoxazole2,18.0,14.0,,
Anaerobic bacteria,Ampicillin-sulbactam,25.0,24.0,,
Anaerobic bacteria,Amoxicillin-clavulanic acid,14.0,13.0,,
Anaerobic bacteria,Piperacillin-tazobactam3,24.0,23.0,,
Anaerobic bacteria,Ertapenem,23.0,22.0,,
Anaerobic bacteria,Imipenem,29.0,28.0,,
Anaerobic bacteria,Meropenem,28.0,27.0,,
Anaerobic bacteria,Clindamycin,10.0,9.0,,
Anaerobic bacteria,Metronidazole,25.0,24.0,,
Anaerobic bacteria,Prevotella spp.,,,,
Anaerobic bacteria,Antimicrobial agent,,,,
Anaerobic bacteria,Benzylpenicillin,20.0,19.0,,
Anaerobic bacteria,Ampicillin,25.0,24.0,,
Anaerobic bacteria,Ampicillin-sulbactam,33.0,32.0,,
Anaerobic bacteria,Amoxicillin,,,,
Anaerobic bacteria,Amoxicillin-clavulanic acid,24.0,23.0,,
Anaerobic bacteria,Piperacillin-tazobactam,26.0,25.0,,
Anaerobic bacteria,Ertapenem,29.0,28.0,,
Anaerobic bacteria,Imipenem,35.0,34.0,,
Anaerobic bacteria,Meropenem,34.0,33.0,,
Anaerobic bacteria,Clindamycin,31.0,30.0,,
Anaerobic bacteria,Metronidazole,22.0,21.0,,
Anaerobic bacteria,Fusobacterium necrophorum,,,,
Anaerobic bacteria,Antimicrobial agent,,,,
Anaerobic bacteria,Benzylpenicillin,25.0,24.0,,
Anaerobic bacteria,Ampicillin,27.0,26.0,,
Anaerobic bacteria,Ampicillin-sulbactam,33.0,32.0,,
Anaerobic bacteria,Amoxicillin,,,,
Anaerobic bacteria,Amoxicillin-clavulanic acid,23.0,22.0,,
Anaerobic bacteria,Piperacillin-tazobactam,32.0,31.0,,
Anaerobic bacteria,Ertapenem,35.0,34.0,,
Anaerobic bacteria,Imipenem,36.0,35.0,,
Anaerobic bacteria,Meropenem,35.0,34.0,,
Anaerobic bacteria,Clindamycin,30.0,29.0,,
Anaerobic bacteria,Metronidazole,30.0,29.0,,
Anaerobic bacteria,Clostridium perfringens,,,,
Anaerobic bacteria,Antimicrobial agent,,,,
Anaerobic bacteria,Benzylpenicillin,15.0,14.0,,
Anaerobic bacteria,Ampicillin,23.0,22.0,,
Anaerobic bacteria,Ampicillin-sulbactam,27.0,26.0,,
Anaerobic bacteria,Amoxicillin,,,,
Anaerobic bacteria,Amoxicillin-clavulanic acid,23.0,22.0,,
Anaerobic bacteria,Piperacillin-tazobactam,24.0,23.0,,
Anaerobic bacteria,Ertapenem,24.0,23.0,,
Anaerobic bacteria,Imipenem,25.0,24.0,,
Anaerobic bacteria,Meropenem,25.0,24.0,,
Anaerobic bacteria,Vancomycin,12.0,11.0,,
Anaerobic bacteria,Clindamycin,19.0,18.0,,
Anaerobic bacteria,Metronidazole,16.0,15.0,,
Anaerobic bacteria,Cutibacterium acnes,,,,
Anaerobic bacteria,Antimicrobial agent,,,,
Anaerobic bacteria,Benzylpenicillin,24.0,23.0,,
Anaerobic bacteria,Ampicillin,23.0,22.0,,
Anaerobic bacteria,Ampicillin-sulbactam,33.0,32.0,,
Anaerobic bacteria,Amoxicillin,,,,
Anaerobic bacteria,Amoxicillin-clavulanic acid,24.0,23.0,,
Anaerobic bacteria,Piperacillin-tazobactam,27.0,26.0,,
Anaerobic bacteria,Cefotaxime,26.0,25.0,,
Anaerobic bacteria,Ceftriaxone,33.0,32.0,,
Anaerobic bacteria,Ertapenem,28.0,27.0,,
Anaerobic bacteria,Imipenem,39.0,38.0,,
Anaerobic bacteria,Meropenem,28.0,27.0,,
Anaerobic bacteria,Vancomycin,22.0,21.0,,
Anaerobic bacteria,Clindamycin,26.0,25.0,,
Anaerobic bacteria,Linezolid,34.0,33.0,,
Anaerobic bacteria,Clostridioides difficile,,,,
Anaerobic bacteria,Antimicrobial agent,,,,
Anaerobic bacteria,Vancomycin,,,,
Anaerobic bacteria,Fidaxomicin,,,,
Anaerobic bacteria,Metronidazole,,,,
Anaerobic bacteria,Examples of inhibition zones for anaerobic bacteria.,,,,
Anaerobic bacteria,"a) If haze within the zone occurs, read the most obvious zone edge. Tilt the plate towards you to better define the obvious zone edge.",,,,
Anaerobic bacteria,"b) Isolated colonies within the inhibition zone should be taken into account. For clindamycin, it is particularly important to examine zones carefully for colonies growing within the zone.",,,,
Anaerobic bacteria,c) Ignore haemolysis when reading zones.,,,,
L.monocytogenes,Benzylpenicillin (indications other than meningitis),13.0,12.0,,
L.monocytogenes,Benzylpenicillin (meningitis),,,,
L.monocytogenes,Ampicillin iv (all indications),16.0,15.0,,
L.monocytogenes,Meropenem (all indications),26.0,25.0,,
L.monocytogenes,Moxifloxacin (meningitis),,,,
L.monocytogenes,Linezolid (meningitis),,,,
L.monocytogenes,Macrolides,,,,
L.monocytogenes,Erythromycin (indications other than meningitis),25.0,24.0,,
L.monocytogenes,Trimethoprim-sulfamethoxazole (all indications)1,29.0,28.0,,
Pasteurella,Benzylpenicillin,17.0,16.0,,
Pasteurella,Ampicillin,,,,
Pasteurella,Amoxicillin,,,,
Pasteurella,Amoxicillin-clavulanic acid,15.0,14.0,,
Pasteurella,Cefotaxime,26.0,25.0,,
Pasteurella,Ciprofloxacin,27.0,26.0,,
Pasteurella,Levofloxacin,27.0,26.0,,
Pasteurella,Nalidixic acid (screen only),23.0,22.0,,
Pasteurella,Doxycycline,,,,
Pasteurella,Tetracycline (screen only),24.0,23.0,,
Pasteurella,Trimethoprim-sulfamethoxazole1,23.0,22.0,,
C.jejuni_C.coli,Ciprofloxacin,50.0,25.0,,
C.jejuni_C.coli,Macrolides,,,,
C.jejuni_C.coli,Azithromycin,,,,
C.jejuni_C.coli,Clarithromycin,,,,
C.jejuni_C.coli,"Erythromycin, C. jejuni",20.0,19.0,,
C.jejuni_C.coli,"Erythromycin, C. coli",24.0,23.0,,
C.jejuni_C.coli,Doxycycline,,,,
C.jejuni_C.coli,Tetracycline,30.0,29.0,,
Corynebacterium,Benzylpenicillin,50.0,11.0,,
Corynebacterium,Ciprofloxacin,50.0,24.0,,
Corynebacterium,Moxifloxacin,25.0,24.0,,
Corynebacterium,Gentamicin,,,,
Corynebacterium,Glycopeptides,,,,
Corynebacterium,Vancomycin,17.0,16.0,,
Corynebacterium,Macrolides and lincosamides,,,,
Corynebacterium,Clindamycin1,20.0,19.0,,
Corynebacterium,Tetracycline,24.0,23.0,,
Corynebacterium,Linezolid,25.0,24.0,,
Corynebacterium,Rifampicin,30.0,29.0,,
C.diphtheriae_C.ulcerans,Benzylpenicillin,50.0,11.0,,
C.diphtheriae_C.ulcerans,Amoxicillin,,,,
C.diphtheriae_C.ulcerans,Cefotaxime,50.0,14.0,,
C.diphtheriae_C.ulcerans,Meropenem,24.0,23.0,,
C.diphtheriae_C.ulcerans,Ciprofloxacin,50.0,23.0,,
C.diphtheriae_C.ulcerans,Macrolides and lincosamides,,,,
C.diphtheriae_C.ulcerans,Erythromycin,24.0,23.0,,
C.diphtheriae_C.ulcerans,"Clindamycin, C. diphtheriae1",15.0,14.0,,
C.diphtheriae_C.ulcerans,Doxycycline,,,,
C.diphtheriae_C.ulcerans,Tetracycline,24.0,23.0,,
C.diphtheriae_C.ulcerans,Linezolid,25.0,24.0,,
C.diphtheriae_C.ulcerans,Rifampicin,24.0,23.0,,
C.diphtheriae_C.ulcerans,Trimethoprim-sulfamethoxazole1,23.0,22.0,,
A.sanguinicola_A.urinae,Benzylpenicillin,21.0,20.0,,
A.sanguinicola_A.urinae,Ampicillin,26.0,25.0,,
A.sanguinicola_A.urinae,Amoxicillin,,,,
A.sanguinicola_A.urinae,Meropenem,31.0,30.0,,
A.sanguinicola_A.urinae,Ciprofloxacin (uncomplicated UTI only),21.0,20.0,,
A.sanguinicola_A.urinae,Levofloxacin (uncomplicated UTI only),,,,
A.sanguinicola_A.urinae,Norfloxacin (screen only),17.0,16.0,,
A.sanguinicola_A.urinae,Glycopeptides,,,,
A.sanguinicola_A.urinae,Vancomycin,16.0,15.0,,
A.sanguinicola_A.urinae,Nitrofurantoin (uncomplicated UTI only),16.0,15.0,,
A.sanguinicola_A.urinae,Rifampicin,25.0,24.0,,
K.kingae,Benzylpenicillin,25.0,24.0,,
K.kingae,Ampicillin,,,,
K.kingae,Amoxicillin,,,,
K.kingae,Amoxicillin-clavulanic acid,22.0,21.0,,
K.kingae,Cefotaxime,27.0,26.0,,
K.kingae,Ceftriaxone,30.0,29.0,,
K.kingae,Cefuroxime iv,29.0,28.0,,
K.kingae,Meropenem,30.0,29.0,,
K.kingae,Ciprofloxacin,28.0,27.0,,
K.kingae,Levofloxacin,28.0,27.0,,
K.kingae,Macrolides and lincosamides,,,,
K.kingae,Azithromycin,,,,
K.kingae,Clarithromycin,,,,
K.kingae,Erythromycin,20.0,19.0,,
K.kingae,Clindamycin,,,,
K.kingae,Doxycycline,,,,
K.kingae,Tetracycline,28.0,27.0,,
K.kingae,Rifampicin,20.0,19.0,,
K.kingae,Trimethoprim-sulfamethoxazole1,28.0,27.0,,
Aeromonas,Cefepime,27.0,23.0,,
Aeromonas,Ceftazidime,24.0,20.0,,
Aeromonas,Aztreonam,29.0,25.0,,
Aeromonas,Ciprofloxacin,27.0,23.0,,
Aeromonas,Levofloxacin,27.0,23.0,,
Aeromonas,Trimethoprim-sulfamethoxazole1,19.0,15.0,,
Aeromonas,Examples of inhibition zones for Aeromonas spp. with trimethoprim-sulfamethoxazole.,,,,
Aeromonas,a-c) Read the obvious zone edge and disregard haze or growth within the inhibition zone.,,,,
A.xylosoxidans,Piperacillin-tazobactam,26.0,25.0,,
A.xylosoxidans,Cefiderocol1,,,,
A.xylosoxidans,Meropenem,26.0,19.0,,
A.xylosoxidans,Trimethoprim-sulfamethoxazole1,26.0,25.0,,
A.xylosoxidans,Examples of inhibition zones for Achromobacter xylosoxidans with trimethoprim-sulfamethoxazole.,,,,
A.xylosoxidans,a-b) An outer zone can be seen. Read the outer zone edge and interpret according to the breakpoints.,,,,
A.xylosoxidans,c) Growth up to the disk and no sign of inhibition zone. Report resistant.,,,,
Vibrio,Piperacillin-tazobactam,26.0,25.0,,
Vibrio,Cefotaxime,21.0,20.0,,
Vibrio,"Cefotaxime, V. fluvialis",,,,
Vibrio,Ceftazidime,22.0,21.0,,
Vibrio,Meropenem,24.0,23.0,,
Vibrio,Ciprofloxacin,23.0,22.0,,
Vibrio,Levofloxacin,23.0,22.0,,
Vibrio,Pefloxacin (screen only),22.0,21.0,,
Vibrio,Macrolides,,,,
Vibrio,Azithromycin,16.0,15.0,,
Vibrio,Erythromycin (screen only)1,12.0,11.0,,
Vibrio,Doxycycline,,,,
Vibrio,Tetracycline (screen only)1,20.0,19.0,,
Vibrio,Trimethoprim-sulfamethoxazole1,21.0,20.0,,
Bacillus,Imipenem,30.0,29.0,,
Bacillus,Meropenem,25.0,24.0,,
Bacillus,Ciprofloxacin,50.0,22.0,,
Bacillus,Levofloxacin,50.0,22.0,,
Bacillus,Norfloxacin (screen only),21.0,20.0,,
Bacillus,Glycopeptides,,,,
Bacillus,Vancomycin,10.0,9.0,,
Bacillus,Macrolides and lincosamides,,,,
Bacillus,Erythromycin,24.0,23.0,,
Bacillus,Clindamycin,17.0,16.0,,
Bacillus,Linezolid,22.0,21.0,,
B.anthracis,Benzylpenicillin,50.0,17.0,,
B.anthracis,Amoxicillin iv,,,,
B.anthracis,Ciprofloxacin,50.0,23.0,,
B.anthracis,Levofloxacin,50.0,22.0,,
B.anthracis,Glycopeptides,,,,
B.anthracis,Vancomycin,10.0,9.0,,
B.anthracis,Macrolides and lincosamides,,,,
B.anthracis,Clindamycin,17.0,16.0,,
B.anthracis,Doxycycline,,,,
B.anthracis,Tetracycline,26.0,25.0,,
B.anthracis,Linezolid,20.0,19.0,,
B.anthracis,Rifampicin,12.0,11.0,,
B.melitensis,Ceftriaxone (meningitis),30.0,29.0,,
B.melitensis,Ciprofloxacin,50.0,26.0,,
B.melitensis,Levofloxacin,50.0,27.0,,
B.melitensis,Gentamicin,23.0,22.0,,
B.melitensis,Streptomycin,15.0,14.0,,
B.melitensis,Doxycycline,,,,
B.melitensis,Tetracycline,42.0,41.0,,
B.melitensis,Rifampicin,20.0,19.0,,
B.melitensis,Trimethoprim-sulfamethoxazole2,29.0,28.0,,
B.pseudomallei,Amoxicillin-clavulanic acid,50.0,21.0,,
B.pseudomallei,Ceftazidime,50.0,17.0,,
B.pseudomallei,Imipenem,29.0,28.0,,
B.pseudomallei,Meropenem,24.0,23.0,,
B.pseudomallei,Doxycycline,,,,
B.pseudomallei,Tetracycline (screen only),23.0,22.0,,
B.pseudomallei,Chloramphenicol,50.0,21.0,,
B.pseudomallei,Trimethoprim-sulfamethoxazole1,50.0,16.0,,
B.pseudomallei,Examples of inhibition zones for Burkholderia pseudomallei with trimethoprim-sulfamethoxazole.,,,,
B.pseudomallei,a-b) An outer zone can be seen. Read the outer zone edge and interpret according to the breakpoints.,,,,
B.pseudomallei,c) Growth up to the disk and no sign of inhibition zone. Report resistant.,,,,
